sha256	length	relative_path
D6ABE0B3EB186603A4D1ACE30A45FAD0AA3CA0DB414AE7B17E9216B948E8AF4E	842	bullet.gif
555E13553B7B7892E95B80142DE669FA89A3C48CD84864F40CBC643A529CDECD	90056	classic.bmp
B1F20C3298CE603C36208F3A02799C0F899E12A3B66B102F1E3E475EE2B98E52	634	classic.htt
2DA45FEE7A7E2D4341DEEEEA30EBDD90F31569AEE2C34DCEFA1D4ECED1A820F2	4659	controlp.htt
FFF4804D7AF9B9EADC8AB3C2A9B9B97BAE1EA93EB280176F2FC1158E3D223061	5296	default.htt
928D1ADDF915D5988F66B38DA041FEFB54CA0D02D9B97D0511F18DE345E8AED0	830	deskmovr.htt
5AB1F7ACF7904405380BDB402BAE42B16351FE576CD5572CBF2EFF4078B70681	8898	dialup.htt
267ACE13C667FF5CEB60136C73E5C60F26DA098F8E2DA48A3B3BD428E1FC302D	2642	exclam.gif
6382606380CBBAED0B55DA0EE14E4112F8E307E20A1C955D01A17044B262EB39	31080	folder.bmp
6B5A88300732E512B6ACEABE657D9E734DBAAA7039899338DBAEA0BADB012ADB	3210	folder.htt
9DA05FE434C5A59BBDEDA29504AABD78E6E2433279A20B81DF30E490E984A445	19355	fsresult.htt
6BBFEDEE1BFAB55C17A8B346A38A8A66BEC0C87F94BDCF888A47ACAEFE50111E	11083	ftp.htt
A63372AB22E2BEA9500B4C762F088D74F771F6A910322B94EC29DCB522F2CC28	16887	imgview.htt
D06875D1D020F5F0DE9AD341666513C6284FBFED88115809472C6A2ECB0B3A1A	56	mincold.gif
F6C24866E70EE4E1C67A10EE27E8AA19E0C5060F51A37521F2EDAA65A1B550B3	77	minhot.gif
A9A7F4C0C581D9E3F32A68E9952A0EE75651F60BDCD140B300153A6C15DB5486	13215	nethood.htt
3B8BA6880058F42EF63C5D67CEE5C11BD0AA8EEAA7CD6C207EC08B7A0EC5E810	59	pluscold.gif
AB4887661499626CDB8726945827D3F75124F732E39AEC85F41424BFF6890D2E	80	plushot.gif
0606BEF925838CC1C07CCD106FE25FA8B66D2AF1C7B0742D230E35DE2E135620	31080	preview.bmp
337671069465A98B262758F0DB8E7BFEB1177EB0673869B4CB9B4CB166E751DB	14053	printers.htt
E975E511C5C10B07B54B2ED90250C242AD466C979832889203285D7DAD860D16	1518	printers/images/ipp_0002.gif
C8C0BD1026F1D2CDB6481A3C20919079F04D413175215A25DB2BD613E6FEBD3F	899	printers/images/ipp_0003.gif
C259EAC07F47DB7484F9B9F87DF9AF6E871BEC9BC1730A68E4762BFD418D4375	895	printers/images/ipp_0004.gif
4C8E8389F2606E73135611BA3A788A8A359A99D11F5A59D90731B939317E571A	255	printers/images/ipp_0005.gif
E701273F72147DFB2E6C917CBEE2798FCF93F5296FA968749AB00FE169AD0E00	1265	printers/images/ipp_0012.gif
F0C4520D68101874CC0C1C80E5727AA872545E84CCA3AECBC3CFD118F01A6E71	902	printers/images/ipp_0015.gif
60E3459008913548B5F01BD0EE47C755D091892CE27720D31B788180A84B89D4	10695	printers/ipp_0000.inc
ADF36CD79D67B7235E62829E1A2B86152ACBCD2F539B01223B9259D19C0DA30E	10438	printers/ipp_0001.asp
20B9C20239662D5166C032C1FF8B069F97B7467D7170F13731FFEA6F80B9B6F1	1926	printers/ipp_0002.asp
1F03EB8B47718A8904436AF748609BE23B93AF7D3BDA7E73F82C12BB3213D452	368	printers/ipp_0003.asp
0A1B1CA9ABC9BC1A5D65FADD68D8FF6C8C3F8489601FF526F2B6F697C9BA4E74	9167	printers/ipp_0004.asp
619647AD82A32B693DE89B7176021B2B2505CD3B0CA85691D61F8DC3C1E6B16D	9000	printers/ipp_0005.asp
CEE063EC49BB83FB4F69079AD4A3B70AF87F9D5F803A36EB6E214B79DD5293EB	5594	printers/ipp_0006.asp
195A966FCD1F398C9CB39F7F07A388955FD517EC2E7BF7F88020B6CF06D8F3DC	8936	printers/ipp_0007.asp
DBE662E2CD8E0001A60C66ADDDD174F225504DF6CBFB795C38773B9350F3BCF0	7677	printers/ipp_0010.asp
154D03DC9A4B36B04EC40ABFC2FF5FA831992A4633EA2CDCE4D693545FA08437	896	printers/ipp_0013.asp
8BA4C1AA1243C35D563DEC299CC18DF98C3F85282C09E0B1AA83448E55629DA2	1415	printers/ipp_0014.asp
0A2EF94035D9082D5DCE9C14931763EF827E0E7AEA542E8491C2F83B2A7E8953	569	printers/ipp_0015.asp
475DE549110686BF5BD4E7048EB82A5B302B19496462D238B100CA804AAB329E	520	printers/ipp_adsi.inc
789D14895FDA78F0B6187ADCF9D507CBD8A5F29A45EA52DFAD2E355826AB2801	428	printers/ipp_res.inc
B9AC4C44B665E34C742894C19F7D8E0E185AB437EB8ECF982B2D8368AEFE2998	14092	printers/ipp_util.inc
77F961464B3D6AA36E72CC504C290AA209EF4716A406D46C4B993C8A8079FB49	16854	printers/page1.asp
48DB2146F0D0DF7ECAF6A7DCC4606A30C480C5F7444C746332D6BD65DE310A67	799	printers/prtwebvw.css
2333EE195D217CE955EA1A782BBA099AE2309EB60AB1F815F0FD3305E1CC8AC1	11149	recycle.htt
41BC18AFC55E5801EC2035F795AB138FEDD6D96A4E82487D650C1E5C97B9D50B	2913	safemode.htt
2D45F925671049A969C6B832CDD49C9CE63DEDA078669F94A73F72624772E867	6489	schedule.htt
6118D7DB88CEA72835669FE534E602F493C280D821E67EBE5DB41CFE8E73852A	28565	standard.htt
20954D2F6D59FC06660A87548A736D3901B8AA65D54D044E62D3FA87B8F64C1D	31080	starter.bmp
62EF59B00616351F5FCC6D2278023859EC4C34E4AA2F2AC51547D51F4C249123	1024	starter.htt
D2FCB543296F607849F2D35AF4A0EEEB3AB99FC6C2EEB0D41D14674B140645BD	13555	tip.htm
9B9413B5AEC82A48E4F4093690EE427E73C8EBC9AFCF91B6DBEA5C9CE1C679D2	1045	tips.gif
E69D7D76F3DED2DD9F16F751F1E83178A1781B8F824F4D71DAB61B99B4904233	28871	Wallpaper/Boiling Point.jpg
E2360AD3AFC68975822B8D4F3817DDB1E91336D06A2889730B64BCDEA58DF8BC	70605	Wallpaper/Chateau.jpg
7C947C1FDA02CCFC53AF9E0B9368DEC5AD76EC076A4F365430B787BC8D21B36E	7952	Wallpaper/Fall Memories.jpg
A4C13783A96C79ED6942F45DD8BFF60208ACA7DE72A1EB19270E39F8B974822E	4684	Wallpaper/Fly Away.jpg
E70F53BD2598D721A7C46F9DA02528CECF980D3C3834DC101C2DE98713C033CE	49824	Wallpaper/Gold Petals.jpg
8CD57FBB8DD2B7AABF6EAD4710CCB722D8C3AC479223785D7E9CF6454D6136A3	74169	Wallpaper/Ocean Wave.jpg
AC68D6C27523BE12AB64FE277345FD9118385D5AF3133ADC4C37ABC07C2A793E	62417	Wallpaper/Paradise.jpg
D76286FB0CB37D0185E7E1735939BDA537EBAA39A5BEF15DE82EB89F99DEC398	7404	Wallpaper/Purple Sponge.jpg
EC0112D766C56F4ED9E1FAF2BEA7444BF9C089E2DC9AFD15F2F9E1EDFF9A54C5	56270	Wallpaper/Snow Trees.jpg
8E635D6A2134D0EEFEF8BAF7F83F3055077E0832DA143C9A35EA088452E176A5	25382	Wallpaper/Solar Eclipse.jpg
2C894ACA51956C81E28112B7603097B55460AE54589602DEE78BCE6413494C24	23923	Wallpaper/Water Color.jpg
B18816E2B1710B7BC6BB379ED557DA6743CBB84C3ECD98D9A6E8485A50104883	129831	Wallpaper/Windows 2000.jpg
DFCF4640FEC3BD0D938C4A746A85EF8EFA907CD29BC36A73C24C60ACB53DC3D8	1316	webview.css
7E8419572ACAA8D5B4E80D985DBC314E0151FC5351347BD50FE2F03E43168E35	31438	webview.js
B0690EA2C629CA337ADE83B44AE5F74C0E9097DA944FED33768A8DC021A0E77B	366	wuicon1.gif
437A137F0788431E636D464E539283EB49585DAD4AFE10E18460E82B3B82A5E4	1868	wuicon2.gif
4CAFE9D74F2B0B9E1BB705C37716C191CF8A84A738A8262A34C08AA115D509DA	2817	wuicon3.gif
6323E106B807617DF91D3E8B657D370188502EA16698D5D0805E9A07A460CFAA	2916	wulogo.gif
4B34E769FC7F21E0003822417FF36AE830825D3E6A4F717873AC842C3CBA10AC	2237	wum.htm
D6CE1916897AD1B722171FF257CBD0828580C3632584238C2DAE653D632B3643	8248	wvleft.bmp
371AC2AF707C45E99490C2CA7E1A33765469700B39CF46FAF57F4DDB53251324	54	wvline.gif
7CC255842217F3FFA48864B1169F3AE19BDCD1782CBC503AB248C66BA116DEF5	14865	wvlogo.gif
10D082EB65BF83600FDC164A15A45C596D153F5B3369C6BD5E32F6470D4AF092	12403	wvnet.gif
