script	type	id
access.cpl.txt	ICONGROUP	110
accwiz.exe.txt	ICONGROUP	101
appwiz.cpl.txt	ICONGROUP	1500
appwiz.cpl.txt	ICONGROUP	1504
appwiz.cpl.txt	BITMAP	101
appwiz.cpl.txt	BITMAP	102
appwiz.cpl.txt	BITMAP	103
appwiz.cpl.txt	BITMAP	104
bckgzm.exe.txt	ICONGROUP	IDI_ICON
cabview.dll.txt	ICONGROUP	1
cabview.dll.txt	ICONGROUP	105
calc.exe.txt	ICONGROUP	SC
charmap.exe.txt	ICONGROUP	111
chkrzm.exe.txt	ICONGROUP	IDI_ICON
cleanmgr.exe.txt	ICONGROUP	104
cmd.exe.txt	ICONGROUP	idi_appicon
comctl32.dll.txt	ICONGROUP	20480
comctl32.dll.txt	ICONGROUP	20481
comctl32.dll.txt	ICONGROUP	20482
comctl32.dll.txt	BITMAP	124
comctl32.dll.txt	BITMAP	125
comctl32.dll.txt	BITMAP	130
comctl32.dll.txt	BITMAP	131
comdlg32.dll.txt	ICONGROUP	540
compatui.dll.txt	ICONGROUP	210
console.dll.txt	ICONGROUP	1
credui.dll.txt	BITMAP	1101
cscui.dll.txt	ICONGROUP	1208
dataclen.dll.txt	ICONGROUP	100
desk.cpl.txt	ICONGROUP	40
desk.cpl.txt	ICONGROUP	100
desk.cpl.txt	BITMAP	120
devmgr.dll.txt	ICONGROUP	42
devmgr.dll.txt	BITMAP	358
dfrgres.dll.txt	ICONGROUP	106
dfshim.dll.txt	ICONGROUP	101
explorer.exe.txt	ICONGROUP	100
explorer.exe.txt	ICONGROUP	101
explorer.exe.txt	ICONGROUP	103
explorer.exe.txt	ICONGROUP	107
explorer.exe.txt	ICONGROUP	108
explorer.exe.txt	ICONGROUP	109
explorer.exe.txt	ICONGROUP	110
explorer.exe.txt	ICONGROUP	111
explorer.exe.txt	ICONGROUP	252
explorer.exe.txt	ICONGROUP	253
explorer.exe.txt	ICONGROUP	254
explorer.exe.txt	BITMAP	145
explorer.exe.txt	BITMAP	146
explorer.exe.txt	BITMAP	147
explorer.exe.txt	BITMAP	148
explorer.exe.txt	BITMAP	149
explorer.exe.txt	BITMAP	150
explorer.exe.txt	BITMAP	151
explorer.exe.txt	BITMAP	152
explorer.exe.txt	BITMAP	153
explorer.exe.txt	BITMAP	158
explorer.exe.txt	BITMAP	163
explorer.exe.txt	BITMAP	164
explorer.exe.txt	BITMAP	166
explorer.exe.txt	BITMAP	167
explorer.exe.txt	BITMAP	170
explorer.exe.txt	BITMAP	171
explorer.exe.txt	BITMAP	176
explorer.exe.txt	BITMAP	178
explorer.exe.txt	BITMAP	179
explorer.exe.txt	BITMAP	180
explorer.exe.txt	BITMAP	181
explorer.exe.txt	BITMAP	182
explorer.exe.txt	BITMAP	183
explorer.exe.txt	BITMAP	7010
explorer.exe.txt	BITMAP	7011
fldrclnr.dll.txt	ICONGROUP	100
fontext.dll.txt	ICONGROUP	1
fontext.dll.txt	ICONGROUP	2
fontext.dll.txt	ICONGROUP	3
fontext.dll.txt	ICONGROUP	4
fontext.dll.txt	ICONGROUP	5
fontext.dll.txt	ICONGROUP	6
fontext.dll.txt	ICONGROUP	7
freecell.exe.txt	ICONGROUP	601
gcdef.dll.txt	ICONGROUP	108
hdwwiz.cpl.txt	ICONGROUP	100
hnetcfg.dll.txt	ICONGROUP	62
hnetwiz.dll.txt	ICONGROUP	10000
hnetwiz.dll.txt	ICONGROUP	10001
hnetwiz.dll.txt	ICONGROUP	10002
hnetwiz.dll.txt	ICONGROUP	10003
hotplug.dll.txt	ICONGROUP	100
hotplug.dll.txt	ICONGROUP	102
hrtzzm.exe.txt	ICONGROUP	IDI_ICON
hypertrm.exe.txt	ICONGROUP	100
idecoi.dll.txt	ICONGROUP	101
idecoi.dll.txt	ICONGROUP	102
idecoi.dll.txt	ICONGROUP	103
idecoi.dll.txt	ICONGROUP	104
idecoi.dll.txt	ICONGROUP	105
idecoi.dll.txt	ICONGROUP	106
idecoi.dll.txt	ICONGROUP	107
idecoi.dll.txt	ICONGROUP	150
idecoi.dll.txt	ICONGROUP	166
iexplore.exe.txt	ICONGROUP	32528
iexplore.exe.txt	ICONGROUP	32529
inetcpl.cpl.txt	ICONGROUP	4487
intl.cpl.txt	ICONGROUP	200
joy.cpl.txt	ICONGROUP	102
keymgr.dll.txt	ICONGROUP	100
logon.scr.txt	ICONGROUP	1
logon.scr.txt	BITMAP	201
logon.scr.txt	BITMAP	204
magnify.exe.txt	ICONGROUP	128
main.cpl.txt	ICONGROUP	100
main.cpl.txt	ICONGROUP	200
main.cpl.txt	ICONGROUP	400
main.cpl.txt	ICONGROUP	500
mdminst.dll.txt	ICONGROUP	5100
mmsys.cpl.txt	ICONGROUP	3004
mmsys.cpl.txt	ICONGROUP	4354
mmsys.cpl.txt	ICONGROUP	4363
mmsys.cpl.txt	ICONGROUP	4367
mmsys.cpl.txt	ICONGROUP	4368
mmsys.cpl.txt	ICONGROUP	4379
mmsys.cpl.txt	ICONGROUP	4393
mmsys.cpl.txt	BITMAP	4612
mmsys.cpl.txt	BITMAP	4613
mmsys.cpl.txt	BITMAP	4614
mmsys.cpl.txt	BITMAP	4615
mmsys.cpl.txt	BITMAP	4616
mmsys.cpl.txt	BITMAP	4617
mmsys.cpl.txt	BITMAP	4618
mmsys.cpl.txt	BITMAP	4619
mmsys.cpl.txt	BITMAP	4620
mmsys.cpl.txt	BITMAP	4621
mmsys.cpl.txt	BITMAP	4622
mmsys.cpl.txt	BITMAP	4624
mmsys.cpl.txt	BITMAP	4626
mmsys.cpl.txt	BITMAP	4627
mmsys.cpl.txt	BITMAP	4628
mobsync.dll.txt	ICONGROUP	3129
mobsync.exe.txt	ICONGROUP	132
modemui.dll.txt	ICONGROUP	5100
moricons.dll.txt	ICONGROUP	108
moricons.dll.txt	ICONGROUP	114
moviemk.exe.txt	ICONGROUP	128
msgina.dll.txt	ICONGROUP	109
msgina.dll.txt	ICONGROUP	IDI_TURNOFF_ICONRESOURCE
msgina.dll.txt	BITMAP	101
msgina.dll.txt	BITMAP	103
msgina.dll.txt	BITMAP	107
msgina.dll.txt	BITMAP	111
msgina.dll.txt	BITMAP	112
msgina.dll.txt	BITMAP	113
msgina.dll.txt	BITMAP	114
msgina.dll.txt	BITMAP	118
msgina.dll.txt	BITMAP	119
msgina.dll.txt	BITMAP	121
msgina.dll.txt	BITMAP	122
msgina.dll.txt	BITMAP	125
msgina.dll.txt	BITMAP	126
msgina.dll.txt	BITMAP	128
msgina.dll.txt	BITMAP	129
msgina.dll.txt	BITMAP	130
msgina.dll.txt	BITMAP	131
msgina.dll.txt	BITMAP	132
msgina.dll.txt	BITMAP	133
msgina.dll.txt	BITMAP	134
msgina.dll.txt	BITMAP	135
mshearts.exe.txt	ICONGROUP	31234
msimn.exe.txt	ICONGROUP	2
msinfo32.exe.txt	ICONGROUP	128
msmsgs.exe.txt	ICONGROUP	1
msobmain.dll.txt	ICONGROUP	200
msobmain.dll.txt	ICONGROUP	202
msoeres.dll.txt	ICONGROUP	2
msoeres.dll.txt	ICONGROUP	52
msoeres.dll.txt	BITMAP	5
msoeres.dll.txt	BITMAP	6
msoeres.dll.txt	BITMAP	7
msoeres.dll.txt	BITMAP	27
msoeres.dll.txt	BITMAP	28
msoeres.dll.txt	BITMAP	34
msoeres.dll.txt	BITMAP	35
msoeres.dll.txt	BITMAP	37
msoeres.dll.txt	BITMAP	38
msoeres.dll.txt	BITMAP	39
msoeres.dll.txt	BITMAP	40
msoeres.dll.txt	BITMAP	41
msoeres.dll.txt	BITMAP	65
msoeres.dll.txt	BITMAP	72
msoeres.dll.txt	BITMAP	73
msoeres.dll.txt	BITMAP	74
msoeres.dll.txt	BITMAP	75
msoobe.exe.txt	ICONGROUP	1
mspaint.exe.txt	ICONGROUP	2
msratelc.dll.txt	ICONGROUP	107
mstask.dll.txt	ICONGROUP	100
mstask.dll.txt	ICONGROUP	274
mstsc.exe.txt	ICONGROUP	101
mstsc.exe.txt	BITMAP	619
mstsc.exe.txt	BITMAP	624
mstsc.exe.txt	BITMAP	625
mstsc.exe.txt	BITMAP	626
mstscax.dll.txt	ICONGROUP	100
mydocs.dll.txt	ICONGROUP	100
mydocs.dll.txt	ICONGROUP	101
narrator.exe.txt	ICONGROUP	102
ncpa.cpl.txt	ICONGROUP	1001
netid.dll.txt	ICONGROUP	101
netplwiz.dll.txt	ICONGROUP	200
netplwiz.dll.txt	ICONGROUP	125
netplwiz.dll.txt	ICONGROUP	4400
netshell.dll.txt	ICONGROUP	0
netshell.dll.txt	ICONGROUP	1
netshell.dll.txt	ICONGROUP	2
netshell.dll.txt	ICONGROUP	3
netshell.dll.txt	ICONGROUP	4
netshell.dll.txt	ICONGROUP	5
netshell.dll.txt	ICONGROUP	190
netshell.dll.txt	ICONGROUP	191
netshell.dll.txt	ICONGROUP	192
netshell.dll.txt	ICONGROUP	193
netshell.dll.txt	ICONGROUP	195
netshell.dll.txt	ICONGROUP	196
netshell.dll.txt	ICONGROUP	300
netshell.dll.txt	ICONGROUP	301
netshell.dll.txt	ICONGROUP	1115
netshell.dll.txt	ICONGROUP	1116
netshell.dll.txt	ICONGROUP	1117
netshell.dll.txt	ICONGROUP	1601
netshell.dll.txt	ICONGROUP	1603
netshell.dll.txt	ICONGROUP	1604
netshell.dll.txt	ICONGROUP	1605
netshell.dll.txt	ICONGROUP	1606
netshell.dll.txt	ICONGROUP	1607
netshell.dll.txt	ICONGROUP	1608
netshell.dll.txt	ICONGROUP	1609
netshell.dll.txt	ICONGROUP	1610
netshell.dll.txt	ICONGROUP	1611
netshell.dll.txt	ICONGROUP	1901
netshell.dll.txt	ICONGROUP	1902
netshell.dll.txt	ICONGROUP	1903
netshell.dll.txt	ICONGROUP	1904
netshell.dll.txt	ICONGROUP	1905
netshell.dll.txt	ICONGROUP	1906
netshell.dll.txt	ICONGROUP	1907
netshell.dll.txt	ICONGROUP	1909
netshell.dll.txt	ICONGROUP	1910
netshell.dll.txt	ICONGROUP	1911
netshell.dll.txt	ICONGROUP	1912
netshell.dll.txt	ICONGROUP	1913
netshell.dll.txt	ICONGROUP	1914
netshell.dll.txt	ICONGROUP	1915
netshell.dll.txt	ICONGROUP	1916
netshell.dll.txt	ICONGROUP	1917
netshell.dll.txt	ICONGROUP	1918
netshell.dll.txt	ICONGROUP	1919
netshell.dll.txt	ICONGROUP	1920
newdev.dll.txt	ICONGROUP	200
newdev.dll.txt	ICONGROUP	201
newdev.dll.txt	ICONGROUP	204
newdev.dll.txt	ICONGROUP	208
newdev.dll.txt	AVI	300
newdev.dll.txt	AVI	301
notepad.exe.txt	ICONGROUP	2
ntbackup.exe.txt	ICONGROUP	101
ntshrui.dll.txt	ICONGROUP	116
ntshrui.dll.txt	ICONGROUP	122
ntshrui.dll.txt	ICONGROUP	123
ntshrui.dll.txt	ICONGROUP	127
nusrmgr.cpl.txt	ICONGROUP	200
nusrmgr.cpl.txt	ICONGROUP	205
nusrmgr.cpl.txt	BITMAP	201
nusrmgr.cpl.txt	BITMAP	202
nusrmgr.cpl.txt	BITMAP	203
nusrmgr.cpl.txt	BITMAP	204
nvmixer.exe.txt	ICONGROUP	128
NvMixerTray.exe.txt	ICONGROUP	100
NvMixerTray.exe.txt	ICONGROUP	200
oobebaln.exe.txt	ICONGROUP	200
osk.exe.txt	ICONGROUP	app_osk
osk.exe.txt	ICONGROUP	I_WINLOGO
osk.exe.txt	ICONGROUP	WINLOGODN
osk.exe.txt	ICONGROUP	WINLOGOUP
photowiz.dll.txt	ICONGROUP	200
pinball.exe.txt	ICONGROUP	ICON_1
powercfg.cpl.txt	ICONGROUP	202
printui.dll.txt	ICONGROUP	132
printui.dll.txt	ICONGROUP	420
printui.dll.txt	BITMAP	132
printui.dll.txt	AVI	128
rasdlg.dll.txt	ICONGROUP	562
rasdlg.dll.txt	ICONGROUP	563
rasdlg.dll.txt	BITMAP	1678
ratelc.dll.txt	ICONGROUP	107
rcimlby.exe.txt	ICONGROUP	201
regwizc.dll.txt	ICONGROUP	233
remotepg.dll.txt	ICONGROUP	500
rstrui.exe.txt	ICONGROUP	110
rvsezm.exe.txt	ICONGROUP	IDI_ICON
sapi.cpl.txt	ICONGROUP	138
sendmail.dll.txt	ICONGROUP	2001
setupapi.dll.txt	ICONGROUP	1
setupapi.dll.txt	ICONGROUP	2
setupapi.dll.txt	ICONGROUP	3
setupapi.dll.txt	ICONGROUP	4
setupapi.dll.txt	ICONGROUP	11
setupapi.dll.txt	ICONGROUP	27
setupapi.dll.txt	ICONGROUP	43
setupapi.dll.txt	ICONGROUP	50
setupapi.dll.txt	ICONGROUP	51
setupapi.dll.txt	ICONGROUP	52
setupapi.dll.txt	ICONGROUP	53
setupapi.dll.txt	AVI	30
setupapi.dll.txt	AVI	31
shdoclc.dll.txt	ICONGROUP	190
shdoclc.dll.txt	ICONGROUP	191
shdoclc.dll.txt	ICONGROUP	20782
shdocvw.dll.txt	ICONGROUP	105
shdocvw.dll.txt	ICONGROUP	110
shdocvw.dll.txt	ICONGROUP	111
shdocvw.dll.txt	ICONGROUP	116
shdocvw.dll.txt	ICONGROUP	204
shdocvw.dll.txt	ICONGROUP	20786
shdocvw.dll.txt	BITMAP	4032
shdocvw.dll.txt	BITMAP	4033
shdocvw.dll.txt	BITMAP	4038
shdocvw.dll.txt	BITMAP	4039
shell32.dll.txt	ICONGROUP	1
shell32.dll.txt	ICONGROUP	3
shell32.dll.txt	ICONGROUP	4
shell32.dll.txt	ICONGROUP	5
shell32.dll.txt	ICONGROUP	7
shell32.dll.txt	ICONGROUP	8
shell32.dll.txt	ICONGROUP	9
shell32.dll.txt	ICONGROUP	10
shell32.dll.txt	ICONGROUP	11
shell32.dll.txt	ICONGROUP	12
shell32.dll.txt	ICONGROUP	13
shell32.dll.txt	ICONGROUP	14
shell32.dll.txt	ICONGROUP	15
shell32.dll.txt	ICONGROUP	16
shell32.dll.txt	ICONGROUP	17
shell32.dll.txt	ICONGROUP	18
shell32.dll.txt	ICONGROUP	19
shell32.dll.txt	ICONGROUP	20
shell32.dll.txt	ICONGROUP	21
shell32.dll.txt	ICONGROUP	22
shell32.dll.txt	ICONGROUP	23
shell32.dll.txt	ICONGROUP	24
shell32.dll.txt	ICONGROUP	25
shell32.dll.txt	ICONGROUP	28
shell32.dll.txt	ICONGROUP	29
shell32.dll.txt	ICONGROUP	30
shell32.dll.txt	ICONGROUP	32
shell32.dll.txt	ICONGROUP	33
shell32.dll.txt	ICONGROUP	35
shell32.dll.txt	ICONGROUP	37
shell32.dll.txt	ICONGROUP	39
shell32.dll.txt	ICONGROUP	40
shell32.dll.txt	ICONGROUP	41
shell32.dll.txt	ICONGROUP	44
shell32.dll.txt	ICONGROUP	45
shell32.dll.txt	ICONGROUP	46
shell32.dll.txt	ICONGROUP	47
shell32.dll.txt	ICONGROUP	48
shell32.dll.txt	ICONGROUP	134
shell32.dll.txt	ICONGROUP	135
shell32.dll.txt	ICONGROUP	137
shell32.dll.txt	ICONGROUP	138
shell32.dll.txt	ICONGROUP	139
shell32.dll.txt	ICONGROUP	140
shell32.dll.txt	ICONGROUP	141
shell32.dll.txt	ICONGROUP	146
shell32.dll.txt	ICONGROUP	151
shell32.dll.txt	ICONGROUP	152
shell32.dll.txt	ICONGROUP	153
shell32.dll.txt	ICONGROUP	154
shell32.dll.txt	ICONGROUP	155
shell32.dll.txt	ICONGROUP	156
shell32.dll.txt	ICONGROUP	157
shell32.dll.txt	ICONGROUP	160
shell32.dll.txt	ICONGROUP	165
shell32.dll.txt	ICONGROUP	167
shell32.dll.txt	ICONGROUP	168
shell32.dll.txt	ICONGROUP	169
shell32.dll.txt	ICONGROUP	170
shell32.dll.txt	ICONGROUP	172
shell32.dll.txt	ICONGROUP	173
shell32.dll.txt	ICONGROUP	175
shell32.dll.txt	ICONGROUP	178
shell32.dll.txt	ICONGROUP	196
shell32.dll.txt	ICONGROUP	197
shell32.dll.txt	ICONGROUP	198
shell32.dll.txt	ICONGROUP	199
shell32.dll.txt	ICONGROUP	200
shell32.dll.txt	ICONGROUP	210
shell32.dll.txt	ICONGROUP	221
shell32.dll.txt	ICONGROUP	222
shell32.dll.txt	ICONGROUP	229
shell32.dll.txt	ICONGROUP	230
shell32.dll.txt	ICONGROUP	233
shell32.dll.txt	ICONGROUP	235
shell32.dll.txt	ICONGROUP	236
shell32.dll.txt	ICONGROUP	237
shell32.dll.txt	ICONGROUP	238
shell32.dll.txt	ICONGROUP	239
shell32.dll.txt	ICONGROUP	240
shell32.dll.txt	ICONGROUP	241
shell32.dll.txt	ICONGROUP	242
shell32.dll.txt	ICONGROUP	243
shell32.dll.txt	ICONGROUP	244
shell32.dll.txt	ICONGROUP	245
shell32.dll.txt	ICONGROUP	246
shell32.dll.txt	ICONGROUP	247
shell32.dll.txt	ICONGROUP	248
shell32.dll.txt	ICONGROUP	249
shell32.dll.txt	ICONGROUP	250
shell32.dll.txt	ICONGROUP	251
shell32.dll.txt	ICONGROUP	252
shell32.dll.txt	ICONGROUP	253
shell32.dll.txt	ICONGROUP	254
shell32.dll.txt	ICONGROUP	255
shell32.dll.txt	ICONGROUP	256
shell32.dll.txt	ICONGROUP	257
shell32.dll.txt	ICONGROUP	258
shell32.dll.txt	ICONGROUP	259
shell32.dll.txt	ICONGROUP	260
shell32.dll.txt	ICONGROUP	261
shell32.dll.txt	ICONGROUP	262
shell32.dll.txt	ICONGROUP	263
shell32.dll.txt	ICONGROUP	264
shell32.dll.txt	ICONGROUP	265
shell32.dll.txt	ICONGROUP	266
shell32.dll.txt	ICONGROUP	267
shell32.dll.txt	ICONGROUP	268
shell32.dll.txt	ICONGROUP	269
shell32.dll.txt	ICONGROUP	270
shell32.dll.txt	ICONGROUP	271
shell32.dll.txt	ICONGROUP	272
shell32.dll.txt	ICONGROUP	273
shell32.dll.txt	ICONGROUP	274
shell32.dll.txt	ICONGROUP	275
shell32.dll.txt	ICONGROUP	276
shell32.dll.txt	ICONGROUP	277
shell32.dll.txt	ICONGROUP	278
shell32.dll.txt	ICONGROUP	279
shell32.dll.txt	ICONGROUP	281
shell32.dll.txt	ICONGROUP	282
shell32.dll.txt	ICONGROUP	283
shell32.dll.txt	ICONGROUP	284
shell32.dll.txt	ICONGROUP	289
shell32.dll.txt	ICONGROUP	290
shell32.dll.txt	ICONGROUP	291
shell32.dll.txt	ICONGROUP	292
shell32.dll.txt	ICONGROUP	293
shell32.dll.txt	ICONGROUP	294
shell32.dll.txt	ICONGROUP	295
shell32.dll.txt	ICONGROUP	296
shell32.dll.txt	ICONGROUP	297
shell32.dll.txt	ICONGROUP	298
shell32.dll.txt	ICONGROUP	302
shell32.dll.txt	ICONGROUP	304
shell32.dll.txt	ICONGROUP	305
shell32.dll.txt	ICONGROUP	309
shell32.dll.txt	ICONGROUP	310
shell32.dll.txt	ICONGROUP	312
shell32.dll.txt	ICONGROUP	313
shell32.dll.txt	ICONGROUP	315
shell32.dll.txt	ICONGROUP	316
shell32.dll.txt	ICONGROUP	317
shell32.dll.txt	ICONGROUP	318
shell32.dll.txt	ICONGROUP	319
shell32.dll.txt	ICONGROUP	320
shell32.dll.txt	ICONGROUP	321
shell32.dll.txt	ICONGROUP	322
shell32.dll.txt	ICONGROUP	323
shell32.dll.txt	ICONGROUP	324
shell32.dll.txt	ICONGROUP	325
shell32.dll.txt	ICONGROUP	326
shell32.dll.txt	ICONGROUP	327
shell32.dll.txt	ICONGROUP	328
shell32.dll.txt	ICONGROUP	329
shell32.dll.txt	ICONGROUP	330
shell32.dll.txt	ICONGROUP	331
shell32.dll.txt	ICONGROUP	338
shell32.dll.txt	ICONGROUP	512
shell32.dll.txt	ICONGROUP	1001
shell32.dll.txt	ICONGROUP	1002
shell32.dll.txt	ICONGROUP	1004
shell32.dll.txt	ICONGROUP	1007
shell32.dll.txt	ICONGROUP	1008
shell32.dll.txt	ICONGROUP	1009
shell32.dll.txt	ICONGROUP	1010
shell32.dll.txt	ICONGROUP	1011
shell32.dll.txt	BITMAP	130
shell32.dll.txt	BITMAP	131
shell32.dll.txt	BITMAP	138
shell32.dll.txt	BITMAP	146
shell32.dll.txt	BITMAP	147
shell32.dll.txt	BITMAP	148
shell32.dll.txt	BITMAP	149
shell32.dll.txt	BITMAP	204
shell32.dll.txt	BITMAP	205
shell32.dll.txt	BITMAP	206
shell32.dll.txt	BITMAP	207
shell32.dll.txt	BITMAP	214
shell32.dll.txt	BITMAP	215
shell32.dll.txt	BITMAP	216
shell32.dll.txt	BITMAP	217
shell32.dll.txt	BITMAP	225
shell32.dll.txt	BITMAP	226
shell32.dll.txt	BITMAP	227
shell32.dll.txt	BITMAP	228
shell32.dll.txt	BITMAP	230
shell32.dll.txt	BITMAP	231
shell32.dll.txt	BITMAP	240
shell32.dll.txt	BITMAP	241
shell32.dll.txt	BITMAP	242
shell32.dll.txt	BITMAP	245
shell32.dll.txt	BITMAP	246
shell32.dll.txt	BITMAP	247
shell32.dll.txt	AVI	151
shell32.dll.txt	AVI	152
shell32.dll.txt	AVI	160
shell32.dll.txt	AVI	161
shell32.dll.txt	AVI	162
shell32.dll.txt	AVI	163
shell32.dll.txt	AVI	164
shell32.dll.txt	AVI	165
shell32.dll.txt	AVI	166
shvlzm.exe.txt	ICONGROUP	IDI_ICON
sndrec32.exe.txt	ICONGROUP	10
sndvol32.exe.txt	ICONGROUP	300
sndvol32.exe.txt	ICONGROUP	303
sndvol32.exe.txt	ICONGROUP	304
sol.exe.txt	ICONGROUP	500
spider.exe.txt	ICONGROUP	103
srclient.dll.txt	ICONGROUP	0
srrstr.dll.txt	ICONGROUP	101
srrstr.dll.txt	BITMAP	111
srrstr.dll.txt	BITMAP	112
sti_ci.dll.txt	ICONGROUP	1000
stobject.dll.txt	ICONGROUP	210
stobject.dll.txt	ICONGROUP	230
stobject.dll.txt	ICONGROUP	231
storprop.dll.txt	ICONGROUP	5602
syncui.dll.txt	ICONGROUP	120
sysdm.cpl.txt	ICONGROUP	1
sysdm.cpl.txt	ICONGROUP	2
sysdm.cpl.txt	ICONGROUP	6
sysdm.cpl.txt	ICONGROUP	9
sysdm.cpl.txt	BITMAP	1
sysdm.cpl.txt	BITMAP	2
sysdm.cpl.txt	STRING	180
sysdm.cpl.txt	STRING	181
sysdm.cpl.txt	STRING	195
syssetup.dll.txt	ICONGROUP	81
syssetup.dll.txt	ICONGROUP	84
syssetup.dll.txt	ICONGROUP	90
syssetup.dll.txt	ICONGROUP	101
syssetup.dll.txt	ICONGROUP	102
syssetup.dll.txt	ICONGROUP	126
tapiui.dll.txt	ICONGROUP	201
telephon.cpl.txt	ICONGROUP	100
timedate.cpl.txt	ICONGROUP	200
upnpui.dll.txt	ICONGROUP	302
upnpui.dll.txt	ICONGROUP	303
upnpui.dll.txt	ICONGROUP	305
upnpui.dll.txt	ICONGROUP	306
upnpui.dll.txt	ICONGROUP	307
url.dll.txt	ICONGROUP	102
user32.dll.txt	ICONGROUP	100
user32.dll.txt	ICONGROUP	101
user32.dll.txt	ICONGROUP	102
user32.dll.txt	ICONGROUP	103
user32.dll.txt	ICONGROUP	104
user32.dll.txt	ICONGROUP	105
utilman.exe.txt	ICONGROUP	102
wab.exe.txt	ICONGROUP	IDI_ICON_ABOOK
wab32.dll.txt	ICONGROUP	IDI_ICON_ABOOK
wab32res.dll.txt	ICONGROUP	101
wab32res.dll.txt	ICONGROUP	1641
wab32res.dll.txt	ICONGROUP	1911
wab32res.dll.txt	ICONGROUP	1912
wabfind.dll.txt	ICONGROUP	IDI_ICON_FIND
wiadefui.dll.txt	ICONGROUP	104
wiadefui.dll.txt	ICONGROUP	105
wiadefui.dll.txt	ICONGROUP	108
wiadefui.dll.txt	ICONGROUP	109
wiadefui.dll.txt	AVI	1000
wiadefui.dll.txt	AVI	1001
wiashext.dll.txt	ICONGROUP	100
wiashext.dll.txt	ICONGROUP	101
wiashext.dll.txt	ICONGROUP	102
wiashext.dll.txt	ICONGROUP	103
wiashext.dll.txt	ICONGROUP	104
wiashext.dll.txt	ICONGROUP	105
wiashext.dll.txt	ICONGROUP	106
wiashext.dll.txt	ICONGROUP	107
wiashext.dll.txt	ICONGROUP	112
wiashext.dll.txt	ICONGROUP	113
wiashext.dll.txt	ICONGROUP	114
wiashext.dll.txt	AVI	CAMERA_CONNECT_AVI
wiashext.dll.txt	AVI	SCANNER_CONNECT_AVI
winmine.exe.txt	ICONGROUP	100
winntbbu.dll.txt	ICONGROUP	81
winsrv.dll.txt	ICONGROUP	1
wordpad.exe.txt	ICONGROUP	128
wpabaln.exe.txt	ICONGROUP	1
wscui.cpl.txt	ICONGROUP	200
wuapi.dll.txt	ICONGROUP	1
wuapi.dll.txt	BITMAP	2
wuauclt.exe.txt	ICONGROUP	1
wuauclt1.exe.txt	ICONGROUP	301
wuauclt1.exe.txt	ICONGROUP	740
wuaucpl.cpl.txt	ICONGROUP	1
wuaucpl.cpl.txt	ICONGROUP	2
wuaucpl.cpl.txt	ICONGROUP	3
wuaucpl.cpl.txt	ICONGROUP	4
wuaucpl.cpl.txt	ICONGROUP	5
wuaueng1.dll.txt	ICONGROUP	500
wucltui.dll.txt	ICONGROUP	1
wupdmgr.exe.txt	ICONGROUP	APPICON
wuweb.dll.txt	ICONGROUP	IDI_MUICON
xpsp1res.dll.txt	ICONGROUP	100
xpsp1res.dll.txt	BITMAP	100
xpsp1res.dll.txt	BITMAP	200
xpsp1res.dll.txt	BITMAP	1678
xpsp2res.dll.txt	ICONGROUP	4
xpsp2res.dll.txt	ICONGROUP	5
xpsp2res.dll.txt	ICONGROUP	144
xpsp2res.dll.txt	ICONGROUP	300
xpsp2res.dll.txt	ICONGROUP	1000
xpsp2res.dll.txt	ICONGROUP	1001
xpsp2res.dll.txt	ICONGROUP	1002
xpsp2res.dll.txt	ICONGROUP	1003
xpsp2res.dll.txt	ICONGROUP	1004
xpsp2res.dll.txt	ICONGROUP	1005
xpsp2res.dll.txt	ICONGROUP	1006
xpsp2res.dll.txt	ICONGROUP	1007
xpsp2res.dll.txt	ICONGROUP	1009
xpsp2res.dll.txt	ICONGROUP	1010
xpsp2res.dll.txt	ICONGROUP	1021
xpsp2res.dll.txt	ICONGROUP	1022
xpsp2res.dll.txt	ICONGROUP	2000
xpsp2res.dll.txt	ICONGROUP	2001
xpsp2res.dll.txt	ICONGROUP	2021
xpsp2res.dll.txt	ICONGROUP	2024
xpsp2res.dll.txt	ICONGROUP	2030
xpsp2res.dll.txt	ICONGROUP	4001
xpsp2res.dll.txt	ICONGROUP	6105
xpsp2res.dll.txt	ICONGROUP	6106
xpsp2res.dll.txt	ICONGROUP	6107
xpsp2res.dll.txt	ICONGROUP	6108
xpsp2res.dll.txt	ICONGROUP	6109
xpsp2res.dll.txt	ICONGROUP	10601
xpsp2res.dll.txt	ICONGROUP	10602
xpsp2res.dll.txt	ICONGROUP	10603
xpsp2res.dll.txt	ICONGROUP	10604
xpsp2res.dll.txt	ICONGROUP	10701
xpsp2res.dll.txt	ICONGROUP	10702
xpsp2res.dll.txt	ICONGROUP	10703
xpsp2res.dll.txt	ICONGROUP	10704
xpsp2res.dll.txt	ICONGROUP	10800
ws03res.dll.txt	STRING	4604
ws03res.dll.txt	STRING	4605
ws03res.dll.txt	STRING	4606
ws03res.dll.txt	STRING	13812
ws03res.dll.txt	STRING	13813
ws03res.dll.txt	STRING	13814
ws03res.dll.txt	STRING	13815
ws03res.dll.txt	STRING	13816
